<?xml version="1.0" encoding="UTF-8" standalone="yes"?>
<addon id="repository.shanemeagher" 
        name="Shane Meagher's Add-ons (armel)"
        version="1.0.1"
        provider-name="shanemeagher">
    <extension point="xbmc.addon.repository" 
        name="Shane Meagher's Add-ons">
        <info compressed="false">https://github.com/shanemeagher/kodi-repo/raw/master/armel/addons.xml</info>
        <checksum>https://github.com/shanemeagher/kodi-repo/raw/master/armel/addons.xml.md5</checksum>
        <datadir zip="true">https://github.com/shanemeagher/kodi-repo/raw/master/armel/</datadir>
    </extension>
    <extension point="xbmc.addon.metadata">
        <summary>Install armel (RPi) add-ons from Shane Meagher's add-on repository</summary>
        <description></description>
        <disclaimer></disclaimer>
        <platform>linux</platform>
    </extension>
</addon>
