<?xml version="1.0" encoding="UTF-8" standalone="yes"?>
<addon id="repository.shanemeagher.armel" 
       name="Shane Meagher's Add-ons (armel)"
       version="1.0.1"
       provider-name="shanemeagher">
    <requires>
        <import addon="xbmc.addon"
                version="16.0.0"/>
    </requires>
    <extension point="xbmc.addon.repository" 
               name="Shane Meagher's Add-ons">
        <info compressed="false">https://raw.githubusercontent.com/shanemeagher/kodi-repo/master/armel/addons.xml</info>
        <checksum>https://raw.githubusercontent.com/shanemeagher/kodi-repo/master/armel/addons.xml.md5</checksum>
        <datadir zip="true">https://raw.githubusercontent.com/shanemeagher/kodi-repo/master/armel/</datadir>
    </extension>
    <extension point="xbmc.addon.metadata">
        <summary>Shane Meagher's Add-ons (armel)</summary>
        <description>Install armel (RPi) add-ons from Shane Meagher's add-on repository</description>
        <disclaimer>Use these addons at your own risk.</disclaimer>
        <platform>linux</platform>
    </extension>
</addon>
