<?xml version="1.0" encoding="UTF-8" standalone="yes"?>
<addon id="repository.shanemeagher" 
        name="Shane Meagher's Add-ons (x86_64)"
        version="1.0.0"
        provider-name="shanemeagher">
    <extension point="xbmc.addon.repository" 
        name="Shane Meagher's Add-ons">
        <info compressed="false">https://github.com/shanemeagher/kodi-repo/raw/master/x86_64/addons.xml</info>
        <checksum>https://github.com/shanemeagher/kodi-repo/raw/master/x86_64/addons.xml.md5</checksum>
        <datadir zip="true">https://github.com/shanemeagher/kodi-repo/raw/master/x86_64/</datadir>
    </extension>
    <extension point="xbmc.addon.metadata">
        <summary>Install x86_64 add-ons from Shane Meagher's add-on repository</summary>
        <description></description>
        <disclaimer></disclaimer>
        <platform>x86_64</platform>
    </extension>
</addon>
